{
  "_fv": 60,
  "_type": "overlay",
  "definition": {
    "priority": "HIGHEST",
    "components": [
      {
        "type": "image",
        "data": {
          "image": "objection.png",
          "use1Xscale": true,
          "anchorPoint": "CENTER",
          "x": 113,
          "y": 3
        }
      }
    ],
    "baseTexture": "",
    "overlayTarget": "Ingame",
    "displayCondition": {
      "name": "ObjectionOverlayAnim2"
    },
    "gridSettings": {
      "sx": 18,
      "sy": 18,
      "ox": 11,
      "oy": 15,
      "snapOnGrid": false
    }
  }
}